{"cameraMode":{"drawMode":0,"name":"Shaded","section":"Shading Mode"},"sceneLighting":true,"audioPlay":false,"sceneViewState":{"m_AlwaysRefresh":false,"showFog":true,"showSkybox":true,"showFlares":true,"showImageEffects":true,"showParticleSystems":true,"showVisualEffectGraphs":true,"m_FxEnabled":true},"in2DMode":false,"pivot":{"x":-10.185314178466797,"y":-16.119935989379884,"z":31.267242431640626},"rotation":{"x":0.2112313210964203,"y":-0.03810436278581619,"z":0.00824657827615738,"w":0.9766538143157959},"size":24.976882934570314,"orthographic":false}