{"cameraMode":{"drawMode":0,"name":"Shaded","section":"Shading Mode"},"sceneLighting":false,"audioPlay":false,"sceneViewState":{"m_AlwaysRefresh":false,"showFog":true,"showSkybox":false,"showFlares":true,"showImageEffects":true,"showParticleSystems":true,"showVisualEffectGraphs":true,"m_FxEnabled":true},"in2DMode":false,"pivot":{"x":1.8892993927001954,"y":2.1999998092651369,"z":-2.890822410583496},"rotation":{"x":0.12416790425777435,"y":-0.013394495472311974,"z":0.0016769738867878914,"w":0.9921737313270569},"size":12.12435531616211,"orthographic":false}